,delta_perplexity,delta_plan_length,gpt3_plan_length,gt_plan_length,gpt3_perplexity,gt_perplexity
0,-0.004415467389637939,-1,7,8,-13.573328738524156,-13.568913271134518
1,0.0,0,6,6,-14.814509678970683,-14.814509678970683
2,0.34612754525409883,2,4,2,-13.458755446804894,-13.804882992058992
3,-0.05044497530429837,-3,3,6,-13.346352897393398,-13.2959079220891
4,0.02855961864933043,0,4,4,-14.060553080065453,-14.089112698714784
5,0.128986980416812,0,6,6,-14.279300883295946,-14.408287863712758
6,0.06838242432221442,0,4,4,-14.327300896749218,-14.395683321071433
7,-0.05644157481320278,0,4,4,-14.999644154088294,-14.943202579275091
8,-0.2843961706445235,-1,5,6,-13.72858914739356,-13.444192976749036
9,-0.5071918944114255,-2,4,6,-13.936776423549398,-13.429584529137973
10,-0.12077193422010168,0,6,6,-14.5417584303068,-14.420986496086698
11,-0.008905593757376096,-2,4,6,-14.391572639346123,-14.382667045588747
12,-0.4168177175311971,1,7,6,-14.071957583278417,-13.65513986574722
13,0.0,0,6,6,-14.541123345284396,-14.541123345284396
14,-0.2899845943029771,2,6,4,-13.976036341257497,-13.68605174695452
15,0.21505752300297942,-2,4,6,-13.57582924945487,-13.79088677245785
16,0.007478349975176712,4,6,2,-14.435822073370218,-14.443300423345395
17,0.0,0,2,2,-14.091997715378445,-14.091997715378445
18,-1.5726252122649118,0,2,2,-14.297976774828774,-12.725351562563862
19,-0.3023133171515777,-3,3,6,-13.166981878953102,-12.864668561801524
20,-0.1740393022326039,-2,4,6,-14.220344455053027,-14.046305152820423
21,-0.5181066007586193,4,6,2,-13.709126278874464,-13.191019678115845
22,0.3227742638424207,-3,3,6,-13.0497585232977,-13.37253278714012
23,0.02749955268933313,-2,2,4,-14.176679118722678,-14.204178671412011
24,-1.340310737825817,2,4,2,-14.774136764572022,-13.433826026746205
25,0.19068673269338987,-4,4,8,-12.826252203182143,-13.016938935875533
26,-0.5191766834671956,6,8,2,-14.090175765645073,-13.570999082177877
27,-0.08318280002334433,-2,2,4,-13.893842844824706,-13.810660044801361
28,-0.08676142565971645,-3,3,6,-13.823318583078873,-13.736557157419156
29,-0.3315647467274303,-2,4,6,-13.724987983069521,-13.393423236342091
30,-0.029979648534208536,0,6,6,-14.609790693968534,-14.579811045434326
31,0.5723440689363155,-1,7,8,-14.024775724808375,-14.59711979374469
32,-0.258507785775155,2,8,6,-14.748356475707997,-14.489848689932842
33,-0.12465964695326548,-2,6,8,-14.609113225713372,-14.484453578760107
34,0.07130488186530393,-2,6,8,-14.29780423862394,-14.369109120489243
35,-0.14295471841132823,0,8,8,-15.281695102577109,-15.13874038416578
36,-0.2361708901848214,6,8,2,-13.925630481756595,-13.689459591571774
37,0.23932663921434028,-3,3,6,-14.03365642682482,-14.27298306603916
38,-0.07453901599569157,-4,4,8,-13.676082515219848,-13.601543499224157
39,-0.04527889157179743,0,6,6,-14.338541561970487,-14.29326267039869
40,0.025727568280636604,2,8,6,-13.89152041198798,-13.917247980268616
41,-0.7153778509012394,3,7,4,-14.470544093946616,-13.755166243045377
42,-0.28611310045610416,-4,4,8,-14.399486511086042,-14.113373410629938
43,0.13303301828790026,0,4,4,-13.90006809352109,-14.03310111180899
44,-0.13933673689523296,0,8,8,-14.430462540003909,-14.291125803108676
45,-0.025411235505199414,0,8,8,-14.411518192075821,-14.386106956570622
46,-0.8142299405753821,2,6,4,-14.227455591500709,-13.413225650925327
47,0.6891217059771595,-3,5,8,-13.450505162136896,-14.139626868114055
48,-0.24912704037998346,2,6,4,-13.981924031663572,-13.732796991283589
49,-0.2635007839251209,-2,4,6,-14.72333594958516,-14.459835165660039
50,0.02545195493575747,-2,4,6,-14.435147744940316,-14.460599699876074
51,-0.09089935248096914,0,4,4,-13.475589104576244,-13.384689752095275
52,-0.002974001477872079,2,4,2,-13.790848500281573,-13.787874498803701
53,0.0,0,2,2,-13.505132578446396,-13.505132578446396
54,0.20383763696739088,1,3,2,-13.466612511338331,-13.670450148305722
55,-1.0543116983763632,-6,2,8,-13.620823144380536,-12.566511446004172
56,-0.13312111804221516,-4,2,6,-13.795790586487524,-13.662669468445308
57,0.013574201047672929,-1,7,8,-14.510754484441373,-14.524328685489046
58,-0.9145740045238675,2,8,6,-14.619863155466247,-13.705289150942379
59,0.4181327686030816,-2,2,4,-12.971868374943734,-13.390001143546815
60,-0.3294220794995244,1,5,4,-14.18939568400383,-13.859973604504306
61,-0.2500779316133741,-2,4,6,-14.383473076212864,-14.13339514459949
62,0.03649172278861634,-4,4,8,-13.350108044221997,-13.386599767010614
63,0.07683285568133869,0,8,8,-14.517607528491911,-14.59444038417325
64,-0.8855188098830684,6,8,2,-14.381065887634653,-13.495547077751585
65,-0.039497888005442405,0,4,4,-13.983415315714147,-13.943917427708705
66,-1.0057095778058276,-2,4,6,-13.905571942031383,-12.899862364225555
67,-0.8847464970474803,-2,4,6,-13.807373230407636,-12.922626733360156
68,0.3668323785385006,1,5,4,-13.241188339774425,-13.608020718312925
69,-0.2827192415563893,-1,5,6,-14.202039071401725,-13.919319829845335
70,-0.27726556617189146,2,4,2,-14.02683970934533,-13.749574143173438
71,-0.570791029004436,-4,2,6,-14.136305330321193,-13.565514301316757
72,0.0,0,2,2,-14.39823774674109,-14.39823774674109
73,-0.129913802693288,0,4,4,-13.38529413930244,-13.255380336609152
74,-0.8425043446930687,-4,4,8,-13.416990169551637,-12.574485824858568
75,0.0,0,8,8,-14.384754108287483,-14.384754108287483
76,-0.18764975412358886,2,8,6,-14.25949943492032,-14.071849680796731
77,-0.017148509938666123,0,4,4,-13.80067951929696,-13.783531009358294
78,-0.26862502758701545,3,7,4,-13.63357071990768,-13.364945692320665
79,-0.5101964283186238,-4,2,6,-13.785387488614235,-13.275191060295612
80,0.07945063146082987,-4,4,8,-14.221005506979095,-14.300456138439925
81,-0.9653321934455814,4,8,4,-14.646694120648036,-13.681361927202454
82,-0.025439359890853552,1,5,4,-13.568340543141732,-13.542901183250878
83,-0.14829917211262966,2,4,2,-13.849307125558456,-13.701007953445826
84,-0.8406995672797262,-2,4,6,-14.017056443956163,-13.176356876676437
85,0.041197391285095364,0,6,6,-14.29764799575787,-14.338845387042966
86,-0.250933860238284,-2,4,6,-13.489354881041862,-13.238421020803578
87,0.03743501933446858,1,7,6,-14.248284648110468,-14.285719667444937
88,0.03254475978654625,0,6,6,-14.054487376241013,-14.08703213602756
89,-0.06871989583893878,2,6,4,-14.268473911797628,-14.199754015958689
90,0.12354367852528014,0,4,4,-14.481697326090108,-14.605241004615388
91,-0.36789773773212,-4,4,8,-13.73450128797521,-13.36660355024309
92,-1.338693161854538,2,4,2,-14.769750053023404,-13.431056891168867
93,0.5484443981073408,-4,4,8,-13.829205674892766,-14.377650073000106
94,0.02914527170808867,0,8,8,-14.15902657160558,-14.188171843313668
95,-0.07524066328643464,0,8,8,-14.985210857657066,-14.909970194370631
96,-1.039252237469702,6,8,2,-14.395388700786125,-13.356136463316423
97,-0.3623049910695819,-4,2,6,-14.466495487040707,-14.104190495971125
98,0.053657444828051126,2,4,2,-13.521412491164309,-13.57506993599236
